event,event_id,eventmerge,usrid,time,event_duration,event_id
AppEvent,shumeiInitBegin,AppEvent-shumeiInitBegin,c00389049878,2020-12-29 11:59:35.415,null,shumeiInitBegin
AppEvent,shumeiInitBegin,AppEvent-shumeiInitBegin,c00389049878,2020-12-29 11:59:35.421,null,shumeiInitBegin
AppEvent,shumeiInitEnd,AppEvent-shumeiInitEnd,c00389049878,2020-12-29 11:59:35.43,null,shumeiInitEnd
AppEvent,fileLocation,AppEvent-fileLocation,c00389049878,2020-12-29 11:59:35.461,null,fileLocation
AppEvent,localVIDBeforeEncrypt,AppEvent-localVIDBeforeEncrypt,c00389049878,2020-12-29 11:59:35.492,null,localVIDBeforeEncrypt
AppEvent,localVIDAfterEncrypt,AppEvent-localVIDAfterEncrypt,c00389049878,2020-12-29 11:59:35.498,null,localVIDAfterEncrypt
AppEvent,close_start_page,AppEvent-close_start_page,c00389049878,2020-12-29 11:59:35.503,null,close_start_page
AppEvent,fileLocation,AppEvent-fileLocation,c00389049878,2020-12-29 11:59:35.529,null,fileLocation
$AppStart,null,null,c00389049878,2020-12-29 11:59:35.54,null,null
AppEvent,collectDeviceFinger,AppEvent-collectDeviceFinger,c00389049878,2020-12-29 11:59:35.601,null,collectDeviceFinger
AppEvent,localDeviceFingerBeforeEncrypt,AppEvent-localDeviceFingerBeforeEncrypt,c00389049878,2020-12-29 11:59:35.736,null,localDeviceFingerBeforeEncrypt
AppEvent,localDeviceFingerAfterEncrypt,AppEvent-localDeviceFingerAfterEncrypt,c00389049878,2020-12-29 11:59:35.751,null,localDeviceFingerAfterEncrypt
JwfwLocationCm,JwfwLocAndCm,JwfwLocationCm-JwfwLocAndCm,c00389049878,2020-12-29 11:59:35.88,null,JwfwLocAndCm
AppEvent,requestSIDSuccess,AppEvent-requestSIDSuccess,c00389049878,2020-12-29 11:59:35.996,null,requestSIDSuccess
AppPageView,WelcomeView,AppPageView-WelcomeView,c00389049878,2020-12-29 11:59:36.047,501.0,WelcomeView
AppEvent,collectDeviceFingerSuccess,AppEvent-collectDeviceFingerSuccess,c00389049878,2020-12-29 11:59:36.083,null,collectDeviceFingerSuccess
AppEvent,collectDeviceFinger,AppEvent-collectDeviceFinger,c00389049878,2020-12-29 11:59:36.094,null,collectDeviceFinger
AppEvent,collectDeviceFingerFailed,AppEvent-collectDeviceFingerFailed,c00389049878,2020-12-29 11:59:36.101,null,collectDeviceFingerFailed
JwfwLocationCm,JwfwLocAndCm,JwfwLocationCm-JwfwLocAndCm,c00389049878,2020-12-29 11:59:36.891,null,JwfwLocAndCm
AppEvent,recUpdate,AppEvent-recUpdate,c00389049878,2020-12-29 11:59:36.943,null,recUpdate
AppEvent,recUpdate,AppEvent-recUpdate,c00389049878,2020-12-29 11:59:36.966,null,recUpdate
AppPageView,MainPg,AppPageView-MainPg,c00389049878,2020-12-29 11:59:39.29,3097.0,MainPg
AppPageView,Main,AppPageView-Main,c00389049878,2020-12-29 11:59:39.304,null,Main
$AppEnd,null,null,c00389049878,2020-12-29 11:59:39.347,3.0,null
AppEvent,shumeiInitBegin,AppEvent-shumeiInitBegin,c00389049878,2020-12-29 11:59:42.429,null,shumeiInitBegin
AppEvent,shumeiInitBegin,AppEvent-shumeiInitBegin,c00389049878,2020-12-29 11:59:42.439,null,shumeiInitBegin
AppEvent,shumeiInitEnd,AppEvent-shumeiInitEnd,c00389049878,2020-12-29 11:59:42.454,null,shumeiInitEnd
AppEvent,shumeiInitBegin,AppEvent-shumeiInitBegin,c00389049878,2020-12-29 13:46:17.378,null,shumeiInitBegin
AppEvent,shumeiInitBegin,AppEvent-shumeiInitBegin,c00389049878,2020-12-29 13:46:17.384,null,shumeiInitBegin
AppEvent,shumeiInitEnd,AppEvent-shumeiInitEnd,c00389049878,2020-12-29 13:46:17.392,null,shumeiInitEnd
AppEvent,fileLocation,AppEvent-fileLocation,c00389049878,2020-12-29 13:46:17.414,null,fileLocation
AppEvent,localVIDBeforeEncrypt,AppEvent-localVIDBeforeEncrypt,c00389049878,2020-12-29 13:46:17.443,null,localVIDBeforeEncrypt
AppEvent,localVIDAfterEncrypt,AppEvent-localVIDAfterEncrypt,c00389049878,2020-12-29 13:46:17.448,null,localVIDAfterEncrypt
AppEvent,close_start_page,AppEvent-close_start_page,c00389049878,2020-12-29 13:46:17.453,null,close_start_page
AppEvent,fileLocation,AppEvent-fileLocation,c00389049878,2020-12-29 13:46:17.48,null,fileLocation
$AppStart,null,null,c00389049878,2020-12-29 13:46:17.492,null,null
AppEvent,collectDeviceFinger,AppEvent-collectDeviceFinger,c00389049878,2020-12-29 13:46:17.554,null,collectDeviceFinger
AppEvent,localDeviceFingerBeforeEncrypt,AppEvent-localDeviceFingerBeforeEncrypt,c00389049878,2020-12-29 13:46:17.614,null,localDeviceFingerBeforeEncrypt
AppEvent,localDeviceFingerAfterEncrypt,AppEvent-localDeviceFingerAfterEncrypt,c00389049878,2020-12-29 13:46:17.637,null,localDeviceFingerAfterEncrypt
AppPageView,WelcomeView,AppPageView-WelcomeView,c00389049878,2020-12-29 13:46:18.006,507.0,WelcomeView
AppEvent,collectDeviceFinger,AppEvent-collectDeviceFinger,c00389049878,2020-12-29 13:46:18.048,null,collectDeviceFinger
AppEvent,collectDeviceFingerFailed,AppEvent-collectDeviceFingerFailed,c00389049878,2020-12-29 13:46:18.056,null,collectDeviceFingerFailed
AppEvent,collectDeviceFingerSuccess,AppEvent-collectDeviceFingerSuccess,c00389049878,2020-12-29 13:46:18.161,null,collectDeviceFingerSuccess
AppEvent,guideCancel_NewYearAct,AppEvent-guideCancel_NewYearAct,c00389049878,2020-12-29 13:46:18.978,null,guideCancel_NewYearAct
AppEvent,requestSIDSuccess,AppEvent-requestSIDSuccess,c00389049878,2020-12-29 13:46:20.049,null,requestSIDSuccess
JwfwLocationCm,JwfwLocAndCm,JwfwLocationCm-JwfwLocAndCm,c00389049878,2020-12-29 13:46:20.095,null,JwfwLocAndCm
AppEvent,recUpdate,AppEvent-recUpdate,c00389049878,2020-12-29 13:46:20.634,null,recUpdate
AppEvent,recUpdate,AppEvent-recUpdate,c00389049878,2020-12-29 13:46:20.64,null,recUpdate
AppPageView,MainPg,AppPageView-MainPg,c00389049878,2020-12-29 13:46:21.329,3149.0,MainPg
AppPageView,Main,AppPageView-Main,c00389049878,2020-12-29 13:46:21.405,null,Main
$AppEnd,null,null,c00389049878,2020-12-29 13:46:21.733,4.0,null
AppEvent,collectDeviceFinger,AppEvent-collectDeviceFinger,c00389049878,2020-12-29 13:46:23.064,null,collectDeviceFinger
AppEvent,collectDeviceFingerFailed,AppEvent-collectDeviceFingerFailed,c00389049878,2020-12-29 13:46:23.081,null,collectDeviceFingerFailed
$AppStart,null,null,c00389049878,2020-12-29 14:18:20.196,null,null
AppEvent,collectDeviceFinger,AppEvent-collectDeviceFinger,c00389049878,2020-12-29 14:18:20.223,null,collectDeviceFinger
JwfwLocationCm,JwfwLocAndCm,JwfwLocationCm-JwfwLocAndCm,c00389049878,2020-12-29 14:18:20.765,null,JwfwLocAndCm
AppEvent,requestSIDSuccess,AppEvent-requestSIDSuccess,c00389049878,2020-12-29 14:18:20.99,null,requestSIDSuccess
AppEvent,collectDeviceFingerSuccess,AppEvent-collectDeviceFingerSuccess,c00389049878,2020-12-29 14:18:21.181,null,collectDeviceFingerSuccess
AppPageView,MainPg,AppPageView-MainPg,c00389049878,2020-12-29 14:18:26.839,6619.0,MainPg
AppPageView,Main,AppPageView-Main,c00389049878,2020-12-29 14:18:26.89,null,Main
$AppEnd,null,null,c00389049878,2020-12-29 14:18:26.932,6.0,null
$AppStart,null,null,c00389049878,2020-12-29 14:25:09.682,null,null
AppEvent,collectDeviceFinger,AppEvent-collectDeviceFinger,c00389049878,2020-12-29 14:25:09.701,null,collectDeviceFinger
JwfwLocationCm,JwfwLocAndCm,JwfwLocationCm-JwfwLocAndCm,c00389049878,2020-12-29 14:25:10.184,null,JwfwLocAndCm
AppEvent,collectDeviceFingerSuccess,AppEvent-collectDeviceFingerSuccess,c00389049878,2020-12-29 14:25:10.604,null,collectDeviceFingerSuccess
AppPageView,MainPg,AppPageView-MainPg,c00389049878,2020-12-29 14:25:11.411,1709.0,MainPg
AppPageView,Main,AppPageView-Main,c00389049878,2020-12-29 14:25:11.444,null,Main
$AppEnd,null,null,c00389049878,2020-12-29 14:25:11.513,1.0,null
$AppStart,null,null,c00389049878,2020-12-29 14:32:01.383,null,null
AppEvent,collectDeviceFinger,AppEvent-collectDeviceFinger,c00389049878,2020-12-29 14:32:01.411,null,collectDeviceFinger
JwfwLocationCm,JwfwLocAndCm,JwfwLocationCm-JwfwLocAndCm,c00389049878,2020-12-29 14:32:01.782,null,JwfwLocAndCm
AppEvent,collectDeviceFingerSuccess,AppEvent-collectDeviceFingerSuccess,c00389049878,2020-12-29 14:32:02.131,null,collectDeviceFingerSuccess
AppPageView,MainPg,AppPageView-MainPg,c00389049878,2020-12-29 14:32:41.503,40095.0,MainPg
AppPageView,Main,AppPageView-Main,c00389049878,2020-12-29 14:32:41.561,null,Main
$AppEnd,null,null,c00389049878,2020-12-29 14:32:41.604,40.0,null
$AppStart,null,null,c00389049878,2020-12-29 14:36:19.891,null,null
AppEvent,collectDeviceFinger,AppEvent-collectDeviceFinger,c00389049878,2020-12-29 14:36:19.927,null,collectDeviceFinger
JwfwLocationCm,JwfwLocAndCm,JwfwLocationCm-JwfwLocAndCm,c00389049878,2020-12-29 14:36:20.372,null,JwfwLocAndCm
AppEvent,collectDeviceFingerSuccess,AppEvent-collectDeviceFingerSuccess,c00389049878,2020-12-29 14:36:20.624,null,collectDeviceFingerSuccess
AppPageView,MainPg,AppPageView-MainPg,c00389049878,2020-12-29 14:36:22.745,2817.0,MainPg
AppPageView,Main,AppPageView-Main,c00389049878,2020-12-29 14:36:22.766,null,Main
$AppEnd,null,null,c00389049878,2020-12-29 14:36:22.806,2.0,null
$AppStart,null,null,c00389049878,2020-12-29 14:36:41.387,null,null
AppEvent,collectDeviceFinger,AppEvent-collectDeviceFinger,c00389049878,2020-12-29 14:36:41.535,null,collectDeviceFinger
JwfwLocationCm,JwfwLocAndCm,JwfwLocationCm-JwfwLocAndCm,c00389049878,2020-12-29 14:36:41.858,null,JwfwLocAndCm
AppEvent,collectDeviceFingerSuccess,AppEvent-collectDeviceFingerSuccess,c00389049878,2020-12-29 14:36:42.094,null,collectDeviceFingerSuccess
AppPageView,MainPg,AppPageView-MainPg,c00389049878,2020-12-29 14:36:42.18,642.0,MainPg
AppPageView,Main,AppPageView-Main,c00389049878,2020-12-29 14:36:42.194,null,Main
$AppEnd,null,null,c00389049878,2020-12-29 14:36:42.255,0.0,null
$AppStart,null,null,c00389049878,2020-12-29 15:00:48.583,null,null
AppEvent,collectDeviceFinger,AppEvent-collectDeviceFinger,c00389049878,2020-12-29 15:00:48.605,null,collectDeviceFinger
JwfwLocationCm,JwfwLocAndCm,JwfwLocationCm-JwfwLocAndCm,c00389049878,2020-12-29 15:00:49.008,null,JwfwLocAndCm
AppEvent,collectDeviceFingerSuccess,AppEvent-collectDeviceFingerSuccess,c00389049878,2020-12-29 15:00:49.235,null,collectDeviceFingerSuccess
AppPageView,MainPg,AppPageView-MainPg,c00389049878,2020-12-29 15:00:53.317,4709.0,MainPg
AppEvent,meManageCl,AppEvent-meManageCl,c00389049878,2020-12-29 15:00:53.329,null,meManageCl
AppPageView,Main,AppPageView-Main,c00389049878,2020-12-29 15:01:45.586,null,Main
$AppEnd,null,null,c00389049878,2020-12-29 15:01:45.637,57.0,null
$AppStart,null,null,c00389049878,2020-12-29 15:02:16.767,null,null
AppEvent,collectDeviceFinger,AppEvent-collectDeviceFinger,c00389049878,2020-12-29 15:02:16.8,null,collectDeviceFinger
JwfwLocationCm,JwfwLocAndCm,JwfwLocationCm-JwfwLocAndCm,c00389049878,2020-12-29 15:02:17.426,null,JwfwLocAndCm
AppEvent,collectDeviceFingerSuccess,AppEvent-collectDeviceFingerSuccess,c00389049878,2020-12-29 15:02:17.524,null,collectDeviceFingerSuccess
AppEvent,mainPageCl,AppEvent-mainPageCl,c00389049878,2020-12-29 15:02:17.885,null,mainPageCl
AppPageView,MainPg,AppPageView-MainPg,c00389049878,2020-12-29 15:02:19.681,1801.0,MainPg
AppPageView,Main,AppPageView-Main,c00389049878,2020-12-29 15:02:19.701,null,Main
$AppEnd,null,null,c00389049878,2020-12-29 15:02:19.74,2.0,null
$AppStart,null,null,c00389049878,2020-12-29 16:12:19.75,null,null
AppEvent,collectDeviceFinger,AppEvent-collectDeviceFinger,c00389049878,2020-12-29 16:12:19.774,null,collectDeviceFinger
JwfwLocationCm,JwfwLocAndCm,JwfwLocationCm-JwfwLocAndCm,c00389049878,2020-12-29 16:12:20.14,null,JwfwLocAndCm
AppEvent,collectDeviceFingerSuccess,AppEvent-collectDeviceFingerSuccess,c00389049878,2020-12-29 16:12:20.358,null,collectDeviceFingerSuccess
AppEvent,requestSIDSuccess,AppEvent-requestSIDSuccess,c00389049878,2020-12-29 16:12:20.407,null,requestSIDSuccess
AppPageView,MainPg,AppPageView-MainPg,c00389049878,2020-12-29 16:12:20.706,932.0,MainPg
AppEvent,fortunePageCl,AppEvent-fortunePageCl,c00389049878,2020-12-29 16:12:20.717,null,fortunePageCl
AppEvent,FortuneHideCardBalaCl,AppEvent-FortuneHideCardBalaCl,c00389049878,2020-12-29 16:12:21.009,null,FortuneHideCardBalaCl
AppEvent,FortuneHideCardBalaCl,AppEvent-FortuneHideCardBalaCl,c00389049878,2020-12-29 16:12:21.017,null,FortuneHideCardBalaCl
AppEvent,FortuneHideCardBalaCl,AppEvent-FortuneHideCardBalaCl,c00389049878,2020-12-29 16:12:21.622,null,FortuneHideCardBalaCl
AppEvent,FortuneHideCardBalaCl,AppEvent-FortuneHideCardBalaCl,c00389049878,2020-12-29 16:12:21.634,null,FortuneHideCardBalaCl
AppEvent,FortuneHideCardBalaCl,AppEvent-FortuneHideCardBalaCl,c00389049878,2020-12-29 16:12:22.288,null,FortuneHideCardBalaCl
AppEvent,FortuneHideCardBalaCl,AppEvent-FortuneHideCardBalaCl,c00389049878,2020-12-29 16:12:22.303,null,FortuneHideCardBalaCl
FortuneFunctionCl,null,null,c00389049878,2020-12-29 16:12:39.075,null,null
FortuneFunctionCl,null,null,c00389049878,2020-12-29 16:12:39.087,null,null
AppPageView,Main,AppPageView-Main,c00389049878,2020-12-29 16:12:39.114,null,Main
AppPageView,Delegate,AppPageView-Delegate,c00389049878,2020-12-29 16:12:39.186,47.0,Delegate
AppEvent,trackStartLoadingRN,AppEvent-trackStartLoadingRN,c00389049878,2020-12-29 16:12:39.325,null,trackStartLoadingRN
AppEvent,trackRNJavaScriptDidLoad,AppEvent-trackRNJavaScriptDidLoad,c00389049878,2020-12-29 16:12:39.432,null,trackRNJavaScriptDidLoad
AppPageView,CreaditCardRepayPg,AppPageView-CreaditCardRepayPg,c00389049878,2020-12-29 16:12:39.671,20.0,CreaditCardRepayPg
$AppEnd,null,null,c00389049878,2020-12-29 16:12:47.291,27.0,null
$AppStart,null,null,c00389049878,2020-12-29 16:44:16.718,null,null
AppEvent,collectDeviceFinger,AppEvent-collectDeviceFinger,c00389049878,2020-12-29 16:44:16.739,null,collectDeviceFinger
JwfwLocationCm,JwfwLocAndCm,JwfwLocationCm-JwfwLocAndCm,c00389049878,2020-12-29 16:44:17.217,null,JwfwLocAndCm
AppEvent,requestSIDSuccess,AppEvent-requestSIDSuccess,c00389049878,2020-12-29 16:44:17.385,null,requestSIDSuccess
AppEvent,collectDeviceFingerSuccess,AppEvent-collectDeviceFingerSuccess,c00389049878,2020-12-29 16:44:17.579,null,collectDeviceFingerSuccess
AppEvent,FortuneHideCardBalaCl,AppEvent-FortuneHideCardBalaCl,c00389049878,2020-12-29 16:44:17.755,null,FortuneHideCardBalaCl
AppEvent,FortuneHideCardBalaCl,AppEvent-FortuneHideCardBalaCl,c00389049878,2020-12-29 16:44:17.762,null,FortuneHideCardBalaCl
AppEvent,FortuneHideCardBalaCl,AppEvent-FortuneHideCardBalaCl,c00389049878,2020-12-29 16:44:17.931,null,FortuneHideCardBalaCl
AppEvent,FortuneHideCardBalaCl,AppEvent-FortuneHideCardBalaCl,c00389049878,2020-12-29 16:44:17.941,null,FortuneHideCardBalaCl
AppPageView,creditCardRepayPg,AppPageView-creditCardRepayPg,c00389049878,2020-12-29 16:44:18.196,446.0,creditCardRepayPg
AppEvent,FortuneHideCardBalaCl,AppEvent-FortuneHideCardBalaCl,c00389049878,2020-12-29 16:44:18.568,null,FortuneHideCardBalaCl
AppEvent,FortuneHideCardBalaCl,AppEvent-FortuneHideCardBalaCl,c00389049878,2020-12-29 16:44:18.58,null,FortuneHideCardBalaCl
AppEvent,FortuneHideCardBalaCl,AppEvent-FortuneHideCardBalaCl,c00389049878,2020-12-29 16:44:19.254,null,FortuneHideCardBalaCl
AppEvent,FortuneHideCardBalaCl,AppEvent-FortuneHideCardBalaCl,c00389049878,2020-12-29 16:44:19.269,null,FortuneHideCardBalaCl
AppPageView,Main,AppPageView-Main,c00389049878,2020-12-29 16:44:20.229,null,Main
$AppEnd,null,null,c00389049878,2020-12-29 16:44:20.683,3.0,null
AppEvent,verifyStatusSet,AppEvent-verifyStatusSet,c00389049878,2020-12-29 16:44:20.711,null,verifyStatusSet
AppEvent,fileLocation,AppEvent-fileLocation,c00389049878,2020-12-29 17:04:41.576,null,fileLocation
$AppStart,null,null,c00389049878,2020-12-29 17:04:41.599,null,null
AppEvent,collectDeviceFinger,AppEvent-collectDeviceFinger,c00389049878,2020-12-29 17:04:41.614,null,collectDeviceFinger
JwfwLocationCm,JwfwLocAndCm,JwfwLocationCm-JwfwLocAndCm,c00389049878,2020-12-29 17:04:41.989,null,JwfwLocAndCm
AppPageView,WelcomeView,AppPageView-WelcomeView,c00389049878,2020-12-29 17:04:42.099,486.0,WelcomeView
AppEvent,collectDeviceFinger,AppEvent-collectDeviceFinger,c00389049878,2020-12-29 17:04:42.139,null,collectDeviceFinger
AppEvent,collectDeviceFingerFailed,AppEvent-collectDeviceFingerFailed,c00389049878,2020-12-29 17:04:42.147,null,collectDeviceFingerFailed
AppEvent,collectDeviceFingerSuccess,AppEvent-collectDeviceFingerSuccess,c00389049878,2020-12-29 17:04:42.213,null,collectDeviceFingerSuccess
JwfwLocationCm,JwfwLocAndCm,JwfwLocationCm-JwfwLocAndCm,c00389049878,2020-12-29 17:04:42.782,null,JwfwLocAndCm
AppEvent,guideCancel_NewYearAct,AppEvent-guideCancel_NewYearAct,c00389049878,2020-12-29 17:04:42.908,null,guideCancel_NewYearAct
AtHotPayCl,null,null,c00389049878,2020-12-29 17:04:46.243,null,null
AppPageView,MainPg,AppPageView-MainPg,c00389049878,2020-12-29 17:04:46.278,4046.0,MainPg
AppPageView,Main,AppPageView-Main,c00389049878,2020-12-29 17:04:46.289,null,Main
AppPageView,Delegate,AppPageView-Delegate,c00389049878,2020-12-29 17:04:46.371,53.0,Delegate
AppEvent,trackStartLoadingRN,AppEvent-trackStartLoadingRN,c00389049878,2020-12-29 17:04:46.593,null,trackStartLoadingRN
AppEvent,trackRNJavaScriptDidLoad,AppEvent-trackRNJavaScriptDidLoad,c00389049878,2020-12-29 17:04:46.644,null,trackRNJavaScriptDidLoad
AppPageView,TransferMoneyPg,AppPageView-TransferMoneyPg,c00389049878,2020-12-29 17:04:47.003,3.0,TransferMoneyPg
AppEvent,collectDeviceFinger,AppEvent-collectDeviceFinger,c00389049878,2020-12-29 17:04:47.162,null,collectDeviceFinger
AppEvent,collectDeviceFingerFailed,AppEvent-collectDeviceFingerFailed,c00389049878,2020-12-29 17:04:47.18,null,collectDeviceFingerFailed
AppEvent,tsfMnCardTsfCl,AppEvent-tsfMnCardTsfCl,c00389049878,2020-12-29 17:04:51.323,null,tsfMnCardTsfCl
AppEvent,TransferUniCardCl,AppEvent-TransferUniCardCl,c00389049878,2020-12-29 17:04:51.343,null,TransferUniCardCl
JwfwLocationCm,JwfwLocAndCm,JwfwLocationCm-JwfwLocAndCm,c00389049878,2020-12-29 17:04:51.758,null,JwfwLocAndCm
AppEvent,tsfMnCardTsfCl,AppEvent-tsfMnCardTsfCl,c00389049878,2020-12-29 17:04:54.658,null,tsfMnCardTsfCl
AppEvent,TransferUniCardCl,AppEvent-TransferUniCardCl,c00389049878,2020-12-29 17:04:54.67,null,TransferUniCardCl
JwfwLocationCm,JwfwLocAndCm,JwfwLocationCm-JwfwLocAndCm,c00389049878,2020-12-29 17:04:55.068,null,JwfwLocAndCm
$AppEnd,null,null,c00389049878,2020-12-29 17:05:36.386,54.0,null
$AppStart,null,null,c00389049878,2020-12-29 17:06:01.762,null,null
AppEvent,collectDeviceFinger,AppEvent-collectDeviceFinger,c00389049878,2020-12-29 17:06:01.835,null,collectDeviceFinger
JwfwLocationCm,JwfwLocAndCm,JwfwLocationCm-JwfwLocAndCm,c00389049878,2020-12-29 17:06:02.266,null,JwfwLocAndCm
AppEvent,collectDeviceFingerSuccess,AppEvent-collectDeviceFingerSuccess,c00389049878,2020-12-29 17:06:02.499,null,collectDeviceFingerSuccess
AppPageView,MainPg,AppPageView-MainPg,c00389049878,2020-12-29 17:06:05.259,2548.0,MainPg
AppEvent,fortunePageCl,AppEvent-fortunePageCl,c00389049878,2020-12-29 17:06:05.272,null,fortunePageCl
AppEvent,FortuneHideCardBalaCl,AppEvent-FortuneHideCardBalaCl,c00389049878,2020-12-29 17:06:05.473,null,FortuneHideCardBalaCl
AppEvent,FortuneHideCardBalaCl,AppEvent-FortuneHideCardBalaCl,c00389049878,2020-12-29 17:06:05.481,null,FortuneHideCardBalaCl
AppEvent,FortuneHideCardBalaCl,AppEvent-FortuneHideCardBalaCl,c00389049878,2020-12-29 17:06:06.18,null,FortuneHideCardBalaCl
AppEvent,FortuneHideCardBalaCl,AppEvent-FortuneHideCardBalaCl,c00389049878,2020-12-29 17:06:06.195,null,FortuneHideCardBalaCl
AppEvent,FortuneHideCardBalaCl,AppEvent-FortuneHideCardBalaCl,c00389049878,2020-12-29 17:06:06.898,null,FortuneHideCardBalaCl
AppEvent,FortuneHideCardBalaCl,AppEvent-FortuneHideCardBalaCl,c00389049878,2020-12-29 17:06:06.912,null,FortuneHideCardBalaCl
AppEvent,mainPageCl,AppEvent-mainPageCl,c00389049878,2020-12-29 17:06:10.027,null,mainPageCl
AppPageView,MainPg,AppPageView-MainPg,c00389049878,2020-12-29 17:06:10.915,893.0,MainPg
AppEvent,FortuneHideCardBalaCl,AppEvent-FortuneHideCardBalaCl,c00389049878,2020-12-29 17:06:10.926,null,FortuneHideCardBalaCl
AppEvent,FortuneHideCardBalaCl,AppEvent-FortuneHideCardBalaCl,c00389049878,2020-12-29 17:06:10.935,null,FortuneHideCardBalaCl
AppEvent,fortunePageCl,AppEvent-fortunePageCl,c00389049878,2020-12-29 17:06:10.946,null,fortunePageCl
AppEvent,FortuneHideCardBalaCl,AppEvent-FortuneHideCardBalaCl,c00389049878,2020-12-29 17:06:11.109,null,FortuneHideCardBalaCl
AppEvent,FortuneHideCardBalaCl,AppEvent-FortuneHideCardBalaCl,c00389049878,2020-12-29 17:06:11.119,null,FortuneHideCardBalaCl
AppEvent,FortuneHideCardBalaCl,AppEvent-FortuneHideCardBalaCl,c00389049878,2020-12-29 17:06:11.808,null,FortuneHideCardBalaCl
AppEvent,FortuneHideCardBalaCl,AppEvent-FortuneHideCardBalaCl,c00389049878,2020-12-29 17:06:11.82,null,FortuneHideCardBalaCl
FortuneFunctionCl,null,null,c00389049878,2020-12-29 17:06:12.404,null,null
FortuneFunctionCl,null,null,c00389049878,2020-12-29 17:06:12.415,null,null
AppPageView,Main,AppPageView-Main,c00389049878,2020-12-29 17:06:12.441,null,Main
AppPageView,Delegate,AppPageView-Delegate,c00389049878,2020-12-29 17:06:12.499,33.0,Delegate
AppEvent,FortuneHideCardBalaCl,AppEvent-FortuneHideCardBalaCl,c00389049878,2020-12-29 17:06:12.512,null,FortuneHideCardBalaCl
AppEvent,FortuneHideCardBalaCl,AppEvent-FortuneHideCardBalaCl,c00389049878,2020-12-29 17:06:12.52,null,FortuneHideCardBalaCl
AppEvent,trackStartLoadingRN,AppEvent-trackStartLoadingRN,c00389049878,2020-12-29 17:06:12.677,null,trackStartLoadingRN
AppEvent,trackRNJavaScriptDidLoad,AppEvent-trackRNJavaScriptDidLoad,c00389049878,2020-12-29 17:06:12.716,null,trackRNJavaScriptDidLoad
AppPageView,TransferMoneyPg,AppPageView-TransferMoneyPg,c00389049878,2020-12-29 17:06:13.061,3.0,TransferMoneyPg
AppEvent,transferMoreInfo,AppEvent-transferMoreInfo,c00389049878,2020-12-29 17:07:43.646,null,transferMoreInfo
AppEvent,TransferMoreInfoCl,AppEvent-TransferMoreInfoCl,c00389049878,2020-12-29 17:07:43.663,null,TransferMoreInfoCl
$AppEnd,null,null,c00389049878,2020-12-29 17:08:23.996,142.0,null
$AppStart,null,null,c00389049878,2020-12-29 17:13:54.731,null,null
AppEvent,collectDeviceFinger,AppEvent-collectDeviceFinger,c00389049878,2020-12-29 17:13:54.757,null,collectDeviceFinger
JwfwLocationCm,JwfwLocAndCm,JwfwLocationCm-JwfwLocAndCm,c00389049878,2020-12-29 17:13:55.632,null,JwfwLocAndCm
AppEvent,collectDeviceFingerSuccess,AppEvent-collectDeviceFingerSuccess,c00389049878,2020-12-29 17:13:55.677,null,collectDeviceFingerSuccess
AppEvent,tsfMnCardTsfCl,AppEvent-tsfMnCardTsfCl,c00389049878,2020-12-29 17:14:36.131,null,tsfMnCardTsfCl
AppEvent,TransferUniCardCl,AppEvent-TransferUniCardCl,c00389049878,2020-12-29 17:14:36.152,null,TransferUniCardCl
JwfwLocationCm,JwfwLocAndCm,JwfwLocationCm-JwfwLocAndCm,c00389049878,2020-12-29 17:14:36.48,null,JwfwLocAndCm
AppEvent,tsfMnCardTsfCl,AppEvent-tsfMnCardTsfCl,c00389049878,2020-12-29 17:15:10.762,null,tsfMnCardTsfCl
AppEvent,TransferUniCardCl,AppEvent-TransferUniCardCl,c00389049878,2020-12-29 17:15:10.777,null,TransferUniCardCl
JwfwLocationCm,JwfwLocAndCm,JwfwLocationCm-JwfwLocAndCm,c00389049878,2020-12-29 17:15:11.135,null,JwfwLocAndCm
AppEvent,TransferCardNameCl,AppEvent-TransferCardNameCl,c00389049878,2020-12-29 17:15:14.453,null,TransferCardNameCl
AppEvent,TransferCardCardnumCl,AppEvent-TransferCardCardnumCl,c00389049878,2020-12-29 17:15:17.234,null,TransferCardCardnumCl
$AppEnd,null,null,c00389049878,2020-12-29 17:17:50.397,235.0,null
$AppStart,null,null,c00389049878,2020-12-29 17:18:10.785,null,null
AppEvent,collectDeviceFinger,AppEvent-collectDeviceFinger,c00389049878,2020-12-29 17:18:10.821,null,collectDeviceFinger
JwfwLocationCm,JwfwLocAndCm,JwfwLocationCm-JwfwLocAndCm,c00389049878,2020-12-29 17:18:11.337,null,JwfwLocAndCm
AppEvent,collectDeviceFingerSuccess,AppEvent-collectDeviceFingerSuccess,c00389049878,2020-12-29 17:18:11.594,null,collectDeviceFingerSuccess
$AppEnd,null,null,c00389049878,2020-12-29 17:18:12.218,1.0,null
$AppStart,null,null,c00389049878,2020-12-29 18:03:00.618,null,null
AppEvent,collectDeviceFinger,AppEvent-collectDeviceFinger,c00389049878,2020-12-29 18:03:00.639,null,collectDeviceFinger
JwfwLocationCm,JwfwLocAndCm,JwfwLocationCm-JwfwLocAndCm,c00389049878,2020-12-29 18:03:01.149,null,JwfwLocAndCm
AppEvent,collectDeviceFingerSuccess,AppEvent-collectDeviceFingerSuccess,c00389049878,2020-12-29 18:03:01.325,null,collectDeviceFingerSuccess
AppEvent,requestSIDSuccess,AppEvent-requestSIDSuccess,c00389049878,2020-12-29 18:03:01.559,null,requestSIDSuccess
AppEvent,FortuneHideCardBalaCl,AppEvent-FortuneHideCardBalaCl,c00389049878,2020-12-29 18:03:02.201,null,FortuneHideCardBalaCl
AppEvent,FortuneHideCardBalaCl,AppEvent-FortuneHideCardBalaCl,c00389049878,2020-12-29 18:03:02.209,null,FortuneHideCardBalaCl
AppEvent,FortuneHideCardBalaCl,AppEvent-FortuneHideCardBalaCl,c00389049878,2020-12-29 18:03:02.377,null,FortuneHideCardBalaCl
AppEvent,FortuneHideCardBalaCl,AppEvent-FortuneHideCardBalaCl,c00389049878,2020-12-29 18:03:02.387,null,FortuneHideCardBalaCl
AppEvent,FortuneHideCardBalaCl,AppEvent-FortuneHideCardBalaCl,c00389049878,2020-12-29 18:03:03.04,null,FortuneHideCardBalaCl
AppEvent,FortuneHideCardBalaCl,AppEvent-FortuneHideCardBalaCl,c00389049878,2020-12-29 18:03:03.054,null,FortuneHideCardBalaCl
AppEvent,FortuneHideCardBalaCl,AppEvent-FortuneHideCardBalaCl,c00389049878,2020-12-29 18:03:03.426,null,FortuneHideCardBalaCl
AppEvent,FortuneHideCardBalaCl,AppEvent-FortuneHideCardBalaCl,c00389049878,2020-12-29 18:03:03.436,null,FortuneHideCardBalaCl
AppEvent,fortunePageCl,AppEvent-fortunePageCl,c00389049878,2020-12-29 18:03:03.447,null,fortunePageCl
AppEvent,FortuneHideCardBalaCl,AppEvent-FortuneHideCardBalaCl,c00389049878,2020-12-29 18:03:03.709,null,FortuneHideCardBalaCl
AppEvent,FortuneHideCardBalaCl,AppEvent-FortuneHideCardBalaCl,c00389049878,2020-12-29 18:03:03.724,null,FortuneHideCardBalaCl
AppPageView,Main,AppPageView-Main,c00389049878,2020-12-29 18:03:04.885,2688.0,Main
$AppEnd,null,null,c00389049878,2020-12-29 18:03:04.951,4.0,null
$AppStart,null,null,c00389049878,2020-12-29 18:03:04.963,null,null
AppEvent,FortuneHideCardBalaCl,AppEvent-FortuneHideCardBalaCl,c00389049878,2020-12-29 18:03:04.977,null,FortuneHideCardBalaCl
AppEvent,FortuneHideCardBalaCl,AppEvent-FortuneHideCardBalaCl,c00389049878,2020-12-29 18:03:04.984,null,FortuneHideCardBalaCl
AppPageView,Main,AppPageView-Main,c00389049878,2020-12-29 18:03:06.207,1234.0,Main
$AppEnd,null,null,c00389049878,2020-12-29 18:03:06.239,1.0,null
AppEvent,shumeiInitBegin,AppEvent-shumeiInitBegin,c00389049878,2020-12-29 18:03:08.805,null,shumeiInitBegin
AppEvent,shumeiInitBegin,AppEvent-shumeiInitBegin,c00389049878,2020-12-29 18:03:08.812,null,shumeiInitBegin
AppEvent,shumeiInitEnd,AppEvent-shumeiInitEnd,c00389049878,2020-12-29 18:03:08.82,null,shumeiInitEnd
AppEvent,fileLocation,AppEvent-fileLocation,c00389049878,2020-12-29 18:03:08.845,null,fileLocation
AppEvent,localVIDBeforeEncrypt,AppEvent-localVIDBeforeEncrypt,c00389049878,2020-12-29 18:03:08.876,null,localVIDBeforeEncrypt
AppEvent,localVIDAfterEncrypt,AppEvent-localVIDAfterEncrypt,c00389049878,2020-12-29 18:03:08.884,null,localVIDAfterEncrypt
AppEvent,close_start_page,AppEvent-close_start_page,c00389049878,2020-12-29 18:03:08.896,null,close_start_page
AppEvent,fileLocation,AppEvent-fileLocation,c00389049878,2020-12-29 18:03:08.922,null,fileLocation
$AppStart,null,null,c00389049878,2020-12-29 18:03:08.935,null,null
AppEvent,collectDeviceFinger,AppEvent-collectDeviceFinger,c00389049878,2020-12-29 18:03:09.01,null,collectDeviceFinger
AppEvent,localDeviceFingerBeforeEncrypt,AppEvent-localDeviceFingerBeforeEncrypt,c00389049878,2020-12-29 18:03:09.096,null,localDeviceFingerBeforeEncrypt
AppEvent,localDeviceFingerAfterEncrypt,AppEvent-localDeviceFingerAfterEncrypt,c00389049878,2020-12-29 18:03:09.13,null,localDeviceFingerAfterEncrypt
AppEvent,requestSIDSuccess,AppEvent-requestSIDSuccess,c00389049878,2020-12-29 18:03:09.361,null,requestSIDSuccess
JwfwLocationCm,JwfwLocAndCm,JwfwLocationCm-JwfwLocAndCm,c00389049878,2020-12-29 18:03:09.384,null,JwfwLocAndCm
AppPageView,WelcomeView,AppPageView-WelcomeView,c00389049878,2020-12-29 18:03:09.443,500.0,WelcomeView
AppEvent,collectDeviceFinger,AppEvent-collectDeviceFinger,c00389049878,2020-12-29 18:03:09.489,null,collectDeviceFinger
AppEvent,collectDeviceFingerFailed,AppEvent-collectDeviceFingerFailed,c00389049878,2020-12-29 18:03:09.496,null,collectDeviceFingerFailed
AppEvent,collectDeviceFingerSuccess,AppEvent-collectDeviceFingerSuccess,c00389049878,2020-12-29 18:03:09.677,null,collectDeviceFingerSuccess
AppEvent,recUpdate,AppEvent-recUpdate,c00389049878,2020-12-29 18:03:09.923,null,recUpdate
AppEvent,recUpdate,AppEvent-recUpdate,c00389049878,2020-12-29 18:03:09.929,null,recUpdate
JwfwLocationCm,JwfwLocAndCm,JwfwLocationCm-JwfwLocAndCm,c00389049878,2020-12-29 18:03:10.401,null,JwfwLocAndCm
AppEvent,collectDeviceFinger,AppEvent-collectDeviceFinger,c00389049878,2020-12-29 18:03:14.505,null,collectDeviceFinger
AppEvent,collectDeviceFingerFailed,AppEvent-collectDeviceFingerFailed,c00389049878,2020-12-29 18:03:14.525,null,collectDeviceFingerFailed
AppPageView,MainPg,AppPageView-MainPg,c00389049878,2020-12-29 18:05:12.443,122862.0,MainPg
AppPageView,Main,AppPageView-Main,c00389049878,2020-12-29 18:05:12.5,null,Main
$AppEnd,null,null,c00389049878,2020-12-29 18:05:12.536,123.0,null
$AppStart,null,null,c00389049878,2020-12-29 18:08:25.781,null,null
AppEvent,collectDeviceFinger,AppEvent-collectDeviceFinger,c00389049878,2020-12-29 18:08:25.819,null,collectDeviceFinger
JwfwLocationCm,JwfwLocAndCm,JwfwLocationCm-JwfwLocAndCm,c00389049878,2020-12-29 18:08:26.354,null,JwfwLocAndCm
AppEvent,collectDeviceFingerSuccess,AppEvent-collectDeviceFingerSuccess,c00389049878,2020-12-29 18:08:26.642,null,collectDeviceFingerSuccess
AppPageView,MainPg,AppPageView-MainPg,c00389049878,2020-12-29 18:08:27.58,1757.0,MainPg
AppPageView,Main,AppPageView-Main,c00389049878,2020-12-29 18:08:27.599,null,Main
$AppEnd,null,null,c00389049878,2020-12-29 18:08:27.654,1.0,null
AppEvent,shumeiInitBegin,AppEvent-shumeiInitBegin,c00389049878,2020-12-29 18:08:30.789,null,shumeiInitBegin
AppEvent,shumeiInitBegin,AppEvent-shumeiInitBegin,c00389049878,2020-12-29 18:08:30.795,null,shumeiInitBegin
AppEvent,shumeiInitEnd,AppEvent-shumeiInitEnd,c00389049878,2020-12-29 18:08:30.802,null,shumeiInitEnd
AppEvent,fileLocation,AppEvent-fileLocation,c00389049878,2020-12-29 18:08:30.823,null,fileLocation
AppEvent,localVIDBeforeEncrypt,AppEvent-localVIDBeforeEncrypt,c00389049878,2020-12-29 18:08:30.851,null,localVIDBeforeEncrypt
AppEvent,localVIDAfterEncrypt,AppEvent-localVIDAfterEncrypt,c00389049878,2020-12-29 18:08:30.857,null,localVIDAfterEncrypt
AppEvent,close_start_page,AppEvent-close_start_page,c00389049878,2020-12-29 18:08:30.863,null,close_start_page
AppEvent,fileLocation,AppEvent-fileLocation,c00389049878,2020-12-29 18:08:30.888,null,fileLocation
$AppStart,null,null,c00389049878,2020-12-29 18:08:30.901,null,null
AppEvent,collectDeviceFinger,AppEvent-collectDeviceFinger,c00389049878,2020-12-29 18:08:30.949,null,collectDeviceFinger
AppEvent,localDeviceFingerBeforeEncrypt,AppEvent-localDeviceFingerBeforeEncrypt,c00389049878,2020-12-29 18:08:31.015,null,localDeviceFingerBeforeEncrypt
AppEvent,localDeviceFingerAfterEncrypt,AppEvent-localDeviceFingerAfterEncrypt,c00389049878,2020-12-29 18:08:31.032,null,localDeviceFingerAfterEncrypt
JwfwLocationCm,JwfwLocAndCm,JwfwLocationCm-JwfwLocAndCm,c00389049878,2020-12-29 18:08:31.279,null,JwfwLocAndCm
AppEvent,requestSIDSuccess,AppEvent-requestSIDSuccess,c00389049878,2020-12-29 18:08:31.298,null,requestSIDSuccess
AppPageView,WelcomeView,AppPageView-WelcomeView,c00389049878,2020-12-29 18:08:31.408,500.0,WelcomeView
AppEvent,collectDeviceFinger,AppEvent-collectDeviceFinger,c00389049878,2020-12-29 18:08:31.45,null,collectDeviceFinger
AppEvent,collectDeviceFingerFailed,AppEvent-collectDeviceFingerFailed,c00389049878,2020-12-29 18:08:31.459,null,collectDeviceFingerFailed
AppEvent,collectDeviceFingerSuccess,AppEvent-collectDeviceFingerSuccess,c00389049878,2020-12-29 18:08:31.582,null,collectDeviceFingerSuccess
AppEvent,recUpdate,AppEvent-recUpdate,c00389049878,2020-12-29 18:08:32.098,null,recUpdate
AppEvent,recUpdate,AppEvent-recUpdate,c00389049878,2020-12-29 18:08:32.105,null,recUpdate
JwfwLocationCm,JwfwLocAndCm,JwfwLocationCm-JwfwLocAndCm,c00389049878,2020-12-29 18:08:32.207,null,JwfwLocAndCm
AppEvent,collectDeviceFinger,AppEvent-collectDeviceFinger,c00389049878,2020-12-29 18:08:36.471,null,collectDeviceFinger
AppEvent,collectDeviceFingerFailed,AppEvent-collectDeviceFingerFailed,c00389049878,2020-12-29 18:08:36.492,null,collectDeviceFingerFailed
AppPageView,MainPg,AppPageView-MainPg,c00389049878,2020-12-29 18:08:37.018,5470.0,MainPg
AppEvent,meManageCl,AppEvent-meManageCl,c00389049878,2020-12-29 18:08:37.03,null,meManageCl
AppEvent,myInfoAtMinePg,AppEvent-myInfoAtMinePg,c00389049878,2020-12-29 18:08:39.555,null,myInfoAtMinePg
AppPageView,Main,AppPageView-Main,c00389049878,2020-12-29 18:08:39.592,null,Main
AppEvent,trackStartLoadingRN,AppEvent-trackStartLoadingRN,c00389049878,2020-12-29 18:08:39.702,null,trackStartLoadingRN
AppEvent,trackRNJavaScriptDidLoad,AppEvent-trackRNJavaScriptDidLoad,c00389049878,2020-12-29 18:08:39.799,null,trackRNJavaScriptDidLoad
AppEvent,mainPageCl,AppEvent-mainPageCl,c00389049878,2020-12-29 18:08:43.724,null,mainPageCl
AppPageView,MainPg,AppPageView-MainPg,c00389049878,2020-12-29 18:08:45.221,1502.0,MainPg
AppEvent,meManageCl,AppEvent-meManageCl,c00389049878,2020-12-29 18:08:45.236,null,meManageCl
MyCl,null,null,c00389049878,2020-12-29 18:08:49.066,null,null
AppPageView,Main,AppPageView-Main,c00389049878,2020-12-29 18:08:49.093,null,Main
AppPageView,Delegate,AppPageView-Delegate,c00389049878,2020-12-29 18:08:49.156,38.0,Delegate
AppEvent,trackStartLoadingRN,AppEvent-trackStartLoadingRN,c00389049878,2020-12-29 18:08:49.25,null,trackStartLoadingRN
AppEvent,trackRNJavaScriptDidLoad,AppEvent-trackRNJavaScriptDidLoad,c00389049878,2020-12-29 18:08:49.29,null,trackRNJavaScriptDidLoad
AppEvent,myInfoAtMinePg,AppEvent-myInfoAtMinePg,c00389049878,2020-12-29 18:08:54.889,null,myInfoAtMinePg
AppPageView,Main,AppPageView-Main,c00389049878,2020-12-29 18:08:54.925,3824.0,Main
AppEvent,trackStartLoadingRN,AppEvent-trackStartLoadingRN,c00389049878,2020-12-29 18:08:55.031,null,trackStartLoadingRN
AppEvent,trackRNJavaScriptDidLoad,AppEvent-trackRNJavaScriptDidLoad,c00389049878,2020-12-29 18:08:55.078,null,trackRNJavaScriptDidLoad
MyCl,null,null,c00389049878,2020-12-29 18:08:59.936,null,null
AppPageView,Main,AppPageView-Main,c00389049878,2020-12-29 18:08:59.973,1094.0,Main
AppPageView,Delegate,AppPageView-Delegate,c00389049878,2020-12-29 18:09:00.053,46.0,Delegate
AppEvent,trackStartLoadingRN,AppEvent-trackStartLoadingRN,c00389049878,2020-12-29 18:09:00.159,null,trackStartLoadingRN
AppEvent,trackRNJavaScriptDidLoad,AppEvent-trackRNJavaScriptDidLoad,c00389049878,2020-12-29 18:09:00.209,null,trackRNJavaScriptDidLoad
myBillAllTypeCl,null,null,c00389049878,2020-12-29 18:09:00.818,null,null
myBillAllStaCl,null,null,c00389049878,2020-12-29 18:09:00.83,null,null
myBillTimeMotCl,null,null,c00389049878,2020-12-29 18:09:00.846,null,null
myBillAllTypePg,null,null,c00389049878,2020-12-29 18:09:00.867,null,null
myBillAllStaPg,null,null,c00389049878,2020-12-29 18:09:00.877,null,null
myBillTimeMotPg,null,null,c00389049878,2020-12-29 18:09:00.885,null,null
AppEvent,mainPageCl,AppEvent-mainPageCl,c00389049878,2020-12-29 18:09:03.135,null,mainPageCl
AppEvent,HomeMoreCl,AppEvent-HomeMoreCl,c00389049878,2020-12-29 18:09:05.288,null,HomeMoreCl
AppPageView,HomeMoreWd,AppPageView-HomeMoreWd,c00389049878,2020-12-29 18:09:05.3,2170.0,HomeMoreWd
AppEvent,HomeLocationCl,AppEvent-HomeLocationCl,c00389049878,2020-12-29 18:09:11.967,null,HomeLocationCl
AppPageView,MainPg,AppPageView-MainPg,c00389049878,2020-12-29 18:09:11.993,null,MainPg
AppPageView,Main,AppPageView-Main,c00389049878,2020-12-29 18:09:12.006,null,Main
JwfwLocationCm,JwfwLocAndCm,JwfwLocationCm-JwfwLocAndCm,c00389049878,2020-12-29 18:09:12.408,null,JwfwLocAndCm
LocMainCitySw,null,null,c00389049878,2020-12-29 18:09:12.492,null,null
LocOffshoreCitySw,null,null,c00389049878,2020-12-29 18:09:12.502,null,null
AppPageView,CityList,AppPageView-CityList,c00389049878,2020-12-29 18:09:13.231,1197.0,CityList
AppPageView,MainPg,AppPageView-MainPg,c00389049878,2020-12-29 18:09:13.94,695.0,MainPg
AppEvent,meManageCl,AppEvent-meManageCl,c00389049878,2020-12-29 18:09:13.957,null,meManageCl
MyCl,null,null,c00389049878,2020-12-29 18:09:19.066,null,null
AppPageView,Main,AppPageView-Main,c00389049878,2020-12-29 18:09:19.116,null,Main
AppPageView,Delegate,AppPageView-Delegate,c00389049878,2020-12-29 18:09:19.187,42.0,Delegate
AppEvent,trackStartLoadingRN,AppEvent-trackStartLoadingRN,c00389049878,2020-12-29 18:09:19.312,null,trackStartLoadingRN
AppEvent,trackRNJavaScriptDidLoad,AppEvent-trackRNJavaScriptDidLoad,c00389049878,2020-12-29 18:09:19.364,null,trackRNJavaScriptDidLoad
AppEvent,logoutApply,AppEvent-logoutApply,c00389049878,2020-12-29 18:09:21.199,null,logoutApply
AppEvent,MySetDropCl,AppEvent-MySetDropCl,c00389049878,2020-12-29 18:09:21.216,null,MySetDropCl
AppEvent,MySetDropOutDetCl,AppEvent-MySetDropOutDetCl,c00389049878,2020-12-29 18:09:22.122,null,MySetDropOutDetCl
AppEvent,logoutConfirm,AppEvent-logoutConfirm,c00389049878,2020-12-29 18:09:22.134,null,logoutConfirm
AppEvent,userStateChange,AppEvent-userStateChange,c00389049878,2020-12-29 18:09:22.34,null,userStateChange
$SignUp,null,null,c00389049878,2020-12-29 18:10:03.082,null,null
AppEvent,meManageCl,AppEvent-meManageCl,c00389049878,2020-12-29 18:10:03.133,null,meManageCl
AppPageView,Main,AppPageView-Main,c00389049878,2020-12-29 18:10:16.744,13601.0,Main
$AppEnd,null,null,c00389049878,2020-12-29 18:10:16.808,47.0,null
$AppStart,null,null,c00389049878,2020-12-29 18:10:55.65,null,null
AppEvent,collectDeviceFinger,AppEvent-collectDeviceFinger,c00389049878,2020-12-29 18:10:55.668,null,collectDeviceFinger
AppEvent,collectDeviceFingerSuccess,AppEvent-collectDeviceFingerSuccess,c00389049878,2020-12-29 18:10:56.693,null,collectDeviceFingerSuccess
JwfwLocationCm,JwfwLocAndCm,JwfwLocationCm-JwfwLocAndCm,c00389049878,2020-12-29 18:10:56.731,null,JwfwLocAndCm
AppEvent,mainPageCl,AppEvent-mainPageCl,c00389049878,2020-12-29 18:10:56.931,null,mainPageCl
AppPageView,MainPg,AppPageView-MainPg,c00389049878,2020-12-29 18:10:58.852,1926.0,MainPg
AppPageView,Main,AppPageView-Main,c00389049878,2020-12-29 18:10:58.876,null,Main
$AppEnd,null,null,c00389049878,2020-12-29 18:10:58.9,3.0,null
$AppStart,null,null,c00389049878,2020-12-29 18:16:02.695,null,null
AppEvent,collectDeviceFinger,AppEvent-collectDeviceFinger,c00389049878,2020-12-29 18:16:02.747,null,collectDeviceFinger
JwfwLocationCm,JwfwLocAndCm,JwfwLocationCm-JwfwLocAndCm,c00389049878,2020-12-29 18:16:03.201,null,JwfwLocAndCm
AppEvent,collectDeviceFingerSuccess,AppEvent-collectDeviceFingerSuccess,c00389049878,2020-12-29 18:16:03.508,null,collectDeviceFingerSuccess
AppPageView,MainPg,AppPageView-MainPg,c00389049878,2020-12-29 18:16:03.805,1050.0,MainPg
AppEvent,meManageCl,AppEvent-meManageCl,c00389049878,2020-12-29 18:16:03.816,null,meManageCl
AppPageView,Main,AppPageView-Main,c00389049878,2020-12-29 18:16:04.969,null,Main
$AppEnd,null,null,c00389049878,2020-12-29 18:16:05.031,2.0,null
